Category,Token Name,HEX Value,RGB,HSL,Usage,WCAG Contrast (vs White),Notes
AI-State,color/ai-crimson,#DC143C,"220, 20, 60","348°, 83%, 47%",Processing / Active Computation,5.04:1 (AA),IMMUTABLE - Canonical color
AI-State,color/ai-cyan,#00CED1,"0, 206, 209","181°, 100%, 41%",Analysis / Data Synthesis,3.26:1 (Fails normal text),IMMUTABLE - Canonical color - Large text only
AI-State,color/ai-violet,#8A2BE2,"138, 43, 226","271°, 76%, 53%",Creative Generation / Ideation,5.65:1 (AA),IMMUTABLE - Canonical color
AI-State,color/ai-amber,#FFBF00,"255, 191, 0","45°, 100%, 50%",Learning / Knowledge Acquisition,2.36:1 (Fails text),IMMUTABLE - Canonical color - Graphics only
AI-State,color/ai-emerald,#50C878,"80, 200, 120","140°, 52%, 55%",Success / Completion,3.52:1 (Fails normal text),IMMUTABLE - Canonical color - Large text only
AI-State,color/ai-graphite,#4A4A4A,"74, 74, 74","0°, 0%, 29%",Neutral / Baseline,12.63:1 (AAA),IMMUTABLE - Canonical color
Structural,color/structural-navy,#001F3F,"0, 31, 63","210°, 100%, 12%",Primary structural foundation,N/A (Background color),IMMUTABLE - Canonical color
Structural,color/structural-deep-navy,#000D1A,"0, 13, 26","210°, 100%, 5%",Maximum depth / Dark mode,N/A (Background color),IMMUTABLE - Canonical color
Neutral-Light,color/structural-neutral-0,#FFFFFF,"255, 255, 255","0°, 0%, 100%",Background Primary,N/A (White),
Neutral-Light,color/structural-neutral-50,#FAFAFA,"250, 250, 250","0°, 0%, 98%",Background Secondary,N/A,
Neutral-Light,color/structural-neutral-100,#F5F5F5,"245, 245, 245","0°, 0%, 96%",Surface Elevated,N/A,
Neutral-Light,color/structural-neutral-200,#E5E5E5,"229, 229, 229","0°, 0%, 90%",Border Subtle,N/A,
Neutral-Light,color/structural-neutral-300,#D4D4D4,"212, 212, 212","0°, 0%, 83%",Border Default,N/A,
Neutral-Light,color/structural-neutral-400,#A3A3A3,"163, 163, 163","0°, 0%, 64%",Border Strong,N/A,
Neutral-Light,color/structural-neutral-500,#737373,"115, 115, 115","0°, 0%, 45%",Text Tertiary,4.54:1 (AA),
Neutral-Light,color/structural-neutral-600,#525252,"82, 82, 82","0°, 0%, 32%",Text Secondary,8.51:1 (AAA),
Neutral-Light,color/structural-neutral-700,#262626,"38, 38, 38","0°, 0%, 15%",Text Primary,12.63:1 (AAA),
Neutral-Light,color/structural-neutral-800,#171717,"23, 23, 23","0°, 0%, 9%",Text Emphasis,N/A,
Neutral-Light,color/structural-neutral-900,#0A0A0A,"10, 10, 10","0°, 0%, 4%",Maximum Contrast,N/A,
Neutral-Dark,color/structural-neutral-0-dark,#0F0F0F,"15, 15, 15","0°, 0%, 6%",Background Primary (Dark),N/A,Dark mode only
Neutral-Dark,color/structural-neutral-50-dark,#1A1A1A,"26, 26, 26","0°, 0%, 10%",Background Secondary (Dark),N/A,Dark mode only
Neutral-Dark,color/structural-neutral-100-dark,#262626,"38, 38, 38","0°, 0%, 15%",Surface Elevated (Dark),N/A,Dark mode only
Neutral-Dark,color/structural-neutral-200-dark,#3D3D3D,"61, 61, 61","0°, 0%, 24%",Border Subtle (Dark),N/A,Dark mode only
Neutral-Dark,color/structural-neutral-300-dark,#525252,"82, 82, 82","0°, 0%, 32%",Border Default (Dark),N/A,Dark mode only
Neutral-Dark,color/structural-neutral-400-dark,#737373,"115, 115, 115","0°, 0%, 45%",Border Strong (Dark),N/A,Dark mode only
Neutral-Dark,color/structural-neutral-500-dark,#A3A3A3,"163, 163, 163","0°, 0%, 64%",Text Tertiary (Dark),4.67:1 (AA),Dark mode only
Neutral-Dark,color/structural-neutral-600-dark,#D4D4D4,"212, 212, 212","0°, 0%, 83%",Text Secondary (Dark),8.12:1 (AAA),Dark mode only
Neutral-Dark,color/structural-neutral-700-dark,#E5E5E5,"229, 229, 229","0°, 0%, 90%",Text Primary (Dark),11.89:1 (AAA),Dark mode only
Neutral-Dark,color/structural-neutral-800-dark,#F5F5F5,"245, 245, 245","0°, 0%, 96%",Text Emphasis (Dark),N/A,Dark mode only
Neutral-Dark,color/structural-neutral-900-dark,#FAFAFA,"250, 250, 250","0°, 0%, 98%",Maximum Contrast (Dark),N/A,Dark mode only
Functional,color/functional-success,#16A34A,"22, 163, 74","142°, 76%, 36%",Success state,4.89:1 (AA),
Functional,color/functional-success-bg,#DCFCE7,"220, 252, 231","140°, 84%, 93%",Success background (Light),N/A,
Functional,color/functional-success-bg-dark,#14532D,"20, 83, 45","140°, 61%, 20%",Success background (Dark),N/A,Dark mode only
Functional,color/functional-success-border,#86EFAC,"134, 239, 172","140°, 76%, 73%",Success border,N/A,
Functional,color/functional-warning,#D97706,"217, 119, 6","32°, 95%, 44%",Warning state,4.54:1 (AA),
Functional,color/functional-warning-bg,#FEF3C7,"254, 243, 199","48°, 96%, 89%",Warning background (Light),N/A,
Functional,color/functional-warning-bg-dark,#78350F,"120, 53, 15","22°, 78%, 26%",Warning background (Dark),N/A,Dark mode only
Functional,color/functional-warning-border,#FCD34D,"252, 211, 77","46°, 96%, 65%",Warning border,N/A,
Functional,color/functional-error,#DC2626,"220, 38, 38","0°, 73%, 51%",Error state,5.54:1 (AA),
Functional,color/functional-error-bg,#FEE2E2,"254, 226, 226","0°, 93%, 94%",Error background (Light),N/A,
Functional,color/functional-error-bg-dark,#7F1D1D,"127, 29, 29","0°, 63%, 31%",Error background (Dark),N/A,Dark mode only
Functional,color/functional-error-border,#FCA5A5,"252, 165, 165","0°, 93%, 82%",Error border,N/A,
Functional,color/functional-info,#0284C7,"2, 132, 199","200°, 98%, 39%",Info state,4.98:1 (AA),
Functional,color/functional-info-bg,#E0F2FE,"224, 242, 254","200°, 90%, 94%",Info background (Light),N/A,
Functional,color/functional-info-bg-dark,#0C4A6E,"12, 74, 110","200°, 80%, 24%",Info background (Dark),N/A,Dark mode only
Functional,color/functional-info-border,#7DD3FC,"125, 211, 252","200°, 95%, 74%",Info border,N/A,
Economic,color/economic-credit,#0891B2,"8, 145, 178","191°, 91%, 36%",Credit balance / Available funds,4.67:1 (AA),
Economic,color/economic-debit,#DC2626,"220, 38, 38","0°, 73%, 51%",Credit expenditure / Charges,5.54:1 (AA),
Economic,color/economic-fiat,#15803D,"21, 128, 61","140°, 72%, 29%",Fiat currency (USD/EUR/GBP),6.23:1 (AA),
Economic,color/economic-neutral,#525252,"82, 82, 82","0°, 0%, 32%",Zero-cost / Free tier,8.51:1 (AAA),
Tier,color/tier-free,#525252,"82, 82, 82","0°, 0%, 32%",Free tier indicator,8.51:1 (AAA),
Tier,color/tier-basic,#0891B2,"8, 145, 178","191°, 91%, 36%",Basic/Starter tier,4.67:1 (AA),
Tier,color/tier-professional,#7C3AED,"124, 58, 237","274°, 81%, 56%",Professional tier,5.89:1 (AA),
Tier,color/tier-enterprise,#001F3F,"0, 31, 63","210°, 100%, 12%",Enterprise tier,N/A (Background color),
Data-Viz,color/data-primary,#0891B2,"8, 145, 178","191°, 91%, 36%",Primary data series,4.67:1 (AA),
Data-Viz,color/data-secondary,#DB2777,"219, 39, 119","335°, 72%, 51%",Secondary data series,5.12:1 (AA),
Data-Viz,color/data-tertiary,#9333EA,"147, 51, 234","274°, 81%, 56%",Tertiary data series,5.89:1 (AA),
Data-Viz,color/data-quaternary,#EA580C,"234, 88, 12","21°, 90%, 48%",Quaternary data series,4.23:1 (AA),
Data-Viz,color/data-quinary,#65A30D,"101, 163, 13","85°, 85%, 35%",Fifth data series,4.78:1 (AA),
Data-Viz,color/data-senary,#0369A1,"3, 105, 161","201°, 96%, 32%",Sixth data series,5.34:1 (AA),
Agent,color/agent-01-javari,#0C4A6E,"12, 74, 110","200°, 80%, 24%",Javari AI agent signature,9.34:1 (AAA),
Agent,color/agent-02-amara,#7C2D12,"124, 45, 18","15°, 75%, 28%",Amara agent signature,10.12:1 (AAA),
Agent,color/agent-03,#365314,"54, 83, 20","88°, 61%, 20%",Agent 03 signature,11.23:1 (AAA),
Agent,color/agent-04,#581C87,"88, 28, 135","274°, 66%, 32%",Agent 04 signature,8.67:1 (AAA),
